Type,SKU,Name,Published,Is featured?,Visibility in catalog,Short description,Description,Date sale price starts,Date sale price ends,Tax status,Tax class,In stock?,Stock,Low stock amount,Backorders allowed?,Sold individually?,Weight (lbs),Length (in),Width (in),Height (in),Allow customer reviews?,Purchase note,Sale price,Regular price,Categories,Tags,Shipping class,Images,Download limit,Download expiry days,Parent,Grouped products,Upsells,Cross-sells,External URL,Button text,Position,Attribute 1 name,Attribute 1 value(s),Attribute 1 visible,Attribute 1 global,Attribute 2 name,Attribute 2 value(s),Attribute 2 visible,Attribute 2 global
variable,WWC-001,Winter Wool Coat,1,0,visible,"Premium wool blend coat for ultimate winter warmth","Premium wool blend coat designed to keep you warm during the coldest winter days. Features a classic tailored fit with modern styling. Made from 80% wool and 20% polyester for durability and warmth.",,,,taxable,,1,50,,,0,,,,,1,,249.99,299.99,"Outerwear, Winter Collection","Winter, Coat, Premium",,placeholder-wool-coat-1.jpg | placeholder-wool-coat-2.jpg | placeholder-wool-coat-3.jpg,,,,,,,,,0,Size,"XS, S, M, L, XL, XXL",1,1,Color,"Charcoal, Navy, Camel",1,1
variation,WWC-001-XS-CH,Winter Wool Coat - XS - Charcoal,1,,,,,,,,,taxable,,1,5,,,0,,,,,0,,249.99,299.99,,,,,,,WWC-001,,,,,,,0,Size,XS,1,1,Color,Charcoal,1,1
variation,WWC-001-S-CH,Winter Wool Coat - S - Charcoal,1,,,,,,,,,taxable,,1,8,,,0,,,,,0,,249.99,299.99,,,,,,,WWC-001,,,,,,,0,Size,S,1,1,Color,Charcoal,1,1
variation,WWC-001-M-CH,Winter Wool Coat - M - Charcoal,1,,,,,,,,,taxable,,1,10,,,0,,,,,0,,249.99,299.99,,,,,,,WWC-001,,,,,,,0,Size,M,1,1,Color,Charcoal,1,1
variable,CS-002,Cashmere Sweater,1,0,visible,"100% pure cashmere luxury pullover","Indulge in luxury with our 100% pure cashmere pullover sweater. Incredibly soft and warm, this timeless piece features a classic crew neck design that pairs perfectly with any outfit. Hand-sourced from the finest Mongolian cashmere.",,,,taxable,,1,40,,,0,,,,,1,,189.99,189.99,"Sweaters, Luxury Collection","Cashmere, Premium, Winter",,placeholder-cashmere-1.jpg | placeholder-cashmere-2.jpg,,,,,,,,,0,Size,"XS, S, M, L, XL, XXL",1,1,Color,"Beige, Gray, Black",1,1
variable,DJ-003,Denim Jeans,1,0,visible,"Classic fit premium denim jeans","Classic fit denim jeans made from premium quality denim with just the right amount of stretch. Features a timeless 5-pocket design, durable construction, and a comfortable mid-rise fit. Perfect for everyday wear.",,,,taxable,,1,100,,,0,,,,,1,,79.99,89.99,"Bottoms, Denim","Jeans, Denim, Classic",,placeholder-jeans-1.jpg | placeholder-jeans-2.jpg,,,,,,,,,0,Size,"XS, S, M, L, XL, XXL",1,1,Wash,"Light Blue, Dark Blue, Black",1,1
variable,FPD-004,Festive Party Dress,1,1,visible,"Holiday special evening dress with elegant draping","Make a statement this holiday season with our stunning evening dress. Features elegant draping, a flattering silhouette, and luxurious fabric with a subtle shimmer. Perfect for holiday parties, New Year's celebrations, and special occasions.",,,,taxable,,1,30,,,0,,,,,1,,159.99,199.99,"Dresses, Festive Collection","Festive, Party, Holiday, Evening Wear",,placeholder-dress-1.jpg | placeholder-dress-2.jpg | placeholder-dress-3.jpg,,,,,,,,,0,Size,"XS, S, M, L, XL",1,1,Color,"Burgundy, Emerald, Navy",1,1
variable,LJ-005,Leather Jacket,1,0,visible,"Genuine leather biker jacket with classic design","Genuine leather biker jacket with classic asymmetric zip design. Crafted from premium full-grain leather that gets better with age. Features multiple pockets, adjustable waist belts, and quilted shoulder detail. A timeless wardrobe essential.",,,,taxable,,1,25,,,0,,,,,1,,349.99,399.99,"Outerwear, Jackets","Leather, Biker, Premium",,placeholder-leather-jacket-1.jpg | placeholder-leather-jacket-2.jpg,,,,,,,,,0,Size,"XS, S, M, L, XL, XXL",1,1,Color,"Black, Brown",1,1
variable,CT-006,Cotton T-Shirt,1,0,visible,"Basic crew neck tee in premium cotton","Essential basic crew neck tee made from 100% premium cotton. Soft, breathable, and comfortable for all-day wear. Features a classic fit and reinforced seams for durability. Available in versatile colors to mix and match with any outfit.",,,,taxable,,1,150,,,0,,,,,1,,24.99,29.99,"T-Shirts, Basics","Cotton, Basic, Everyday",,placeholder-tshirt-1.jpg | placeholder-tshirt-2.jpg,,,,,,,,,0,Size,"XS, S, M, L, XL, XXL",1,1,Color,"White, Black, Gray, Navy",1,1
variable,WS-007,Wool Scarf,1,1,visible,"Winter merino wool scarf with woven pattern","Luxurious wool scarf perfect for winter accessories. Made from soft merino wool with a beautiful woven pattern. Extra long for versatile styling options. Adds both warmth and style to any winter outfit.",,,,taxable,,1,80,,,0,,,,,1,,49.99,59.99,"Accessories, Winter Collection","Festive, Scarf, Winter, Accessories",,placeholder-scarf-1.jpg | placeholder-scarf-2.jpg,,,,,,,,,0,Color,"Red Plaid, Gray, Cream, Navy",1,1,,,0,0
variable,FH-008,Fleece Hoodie,1,0,visible,"Comfortable everyday fleece hoodie","Comfortable everyday hoodie made from premium fleece fabric. Features a soft brushed interior, adjustable drawstring hood, and kangaroo pocket. Perfect for layering or wearing on its own during casual days.",,,,taxable,,1,90,,,0,,,,,1,,59.99,69.99,"Hoodies, Casualwear","Fleece, Hoodie, Casual",,placeholder-hoodie-1.jpg | placeholder-hoodie-2.jpg,,,,,,,,,0,Size,"XS, S, M, L, XL, XXL",1,1,Color,"Gray, Black, Navy, Burgundy",1,1
variable,FB-009,Formal Blazer,1,0,visible,"Business casual wool-blend blazer","Business casual blazer crafted from premium wool-blend fabric. Features a modern slim fit, notch lapels, and two-button closure. Fully lined with functional pockets. Perfect for the office, interviews, or formal events.",,,,taxable,,1,35,,,0,,,,,1,,199.99,249.99,"Blazers, Formal Wear","Blazer, Formal, Business",,placeholder-blazer-1.jpg | placeholder-blazer-2.jpg,,,,,,,,,0,Size,"XS, S, M, L, XL, XXL",1,1,Color,"Navy, Charcoal, Black",1,1
variable,WB-010,Winter Boots,1,1,visible,"Insulated waterproof winter footwear","Insulated winter footwear designed to keep your feet warm and dry in harsh conditions. Features waterproof construction, thermal insulation, anti-slip rubber sole, and faux fur lining. Perfect for snow and cold weather.",,,,taxable,,1,60,,,0,,,,,1,,129.99,159.99,"Footwear, Winter Collection","Festive, Boots, Winter, Waterproof",,placeholder-boots-1.jpg | placeholder-boots-2.jpg,,,,,,,,,0,Size,"6, 7, 8, 9, 10, 11, 12",1,1,Color,"Black, Brown, Tan",1,1
